{
  "model_name": "MLP",
  "feature_cols": [
    "CNT_d_nm",
    "CNT_l_nm",
    "CNT_wt_pct",
    "CNT_vol_frac",
    "Al_particle_size_um",
    "Al_wt_pct",
    "ISS_MPa",
    "Sinter_T_K",
    "Porosity_pct"
  ],
  "target_cols": [
    "sigma_y_MPa",
    "Hardness_GPa",
    "sigma_UTS_MPa"
  ],
  "n_synthetic": 10000,
  "scaler_X_mean": [
    25.625947539333186,
    1275.0279562058652,
    2.305838458184103,
    2.9389626919499183,
    14.570809225885675,
    97.69416154181589,
    86.83913631203848,
    835.0566567570273,
    0.8807346843594138
  ],
  "scaler_X_std": [
    12.457877621797277,
    800.182256684159,
    1.3211196926987663,
    1.6755531777896318,
    9.186989561477423,
    1.3211196926987665,
    39.03664625932671,
    80.60342389958353,
    0.5767535977249095
  ],
  "scaler_Y_mean": [
    166.84218414455646,
    0.7312499902834197,
    249.53251386703224
  ],
  "scaler_Y_std": [
    43.901905028463915,
    0.19481254368895257,
    68.54427478168857
  ],
  "cv_r2_avg": 0.9584095735959367,
  "uts_sigma_y_ratio": 1.581450000000005,
  "hardness_yield_factor": 4.273032531325301,
  "hardness_relation": "Hardness_GPa = hardness_yield_factor * sigma_y_MPa / 1000",
  "feature_ranges": {
    "CNT_d_nm": [
      5.001496900736459,
      82.24823294669537
    ],
    "CNT_l_nm": [
      100.14097356637706,
      4937.931622031872
    ],
    "CNT_wt_pct": [
      0.0007529356145679067,
      4.997962120179656
    ],
    "CNT_vol_frac": [
      0.0009680579933434797,
      6.335481309944672
    ],
    "Al_particle_size_um": [
      0.100990881782975,
      55.664961709977774
    ],
    "Al_wt_pct": [
      95.00203787982035,
      99.99924706438543
    ],
    "ISS_MPa": [
      5.009442473905281,
      149.9981547020028
    ],
    "Sinter_T_K": [
      534.8334916892534,
      1049.5443699281645
    ],
    "Porosity_pct": [
      0.00011055466655640611,
      3.2250231722996068
    ]
  }
}